MQ2,MQ3,MQ4,MQ6,MQ7,MQ8,MQ135
0.74027,0.83665,1.26266,0.55089,0.72227,1.96106,0.99903
0.74327,0.83603,1.25454,0.55089,0.72252,1.96631,1.00278
0.74265,0.8364,1.26129,0.55089,0.7244,1.96619,1.00378
0.7449,0.83753,1.26504,0.55202,0.72315,1.96218,1.00366
0.74452,0.83565,1.26229,0.55039,0.72327,1.96731,1.00216
0.74477,0.83553,1.26429,0.55102,0.72327,1.96481,1.00478

