MQ2,MQ3,MQ4,MQ6,MQ7,MQ8,MQ135
0.74027,0.83665,1.26266,0.55089,0.72227,1.96106,0.99903
0.74327,0.83603,1.25454,0.55089,0.72252,1.96631,1.00278
